MSOA code,MSOA name,Log odds,Prevalence,Rank in London   1 = highest 983 = lowest,Rank in England  1 = highest 6791 = lowest,"London Decile, 1=most lonely",
E02000002,Barking and Dagenham 001,-3.523,2.865,165,845,2,
E02000003,Barking and Dagenham 002,-3.685,2.449,357,1666,4,
E02000004,Barking and Dagenham 003,-3.770,2.253,459,2202,5,
E02000005,Barking and Dagenham 004,-3.576,2.722,219,1101,3,
E02000007,Barking and Dagenham 006,-3.440,3.107,86,493,1,
E02000008,Barking and Dagenham 007,-3.352,3.385,35,235,1,
E02000009,Barking and Dagenham 008,-3.453,3.069,98,542,1,
E02000010,Barking and Dagenham 009,-3.491,2.957,129,697,2,
E02000011,Barking and Dagenham 010,-3.938,1.912,668,3398,7,
E02000012,Barking and Dagenham 011,-3.768,2.258,454,2180,5,
E02000013,Barking and Dagenham 012,-3.467,3.025,110,604,2,
E02000014,Barking and Dagenham 013,-3.657,2.516,316,1503,4,
E02000015,Barking and Dagenham 014,-3.351,3.388,34,233,1,
E02000016,Barking and Dagenham 015,-3.521,2.871,159,832,2,
E02000017,Barking and Dagenham 016,-3.743,2.313,417,2010,5,
E02000018,Barking and Dagenham 017,-3.409,3.201,67,380,1,
E02000019,Barking and Dagenham 018,-3.559,2.768,202,1019,3,
E02000020,Barking and Dagenham 019,-3.295,3.575,21,149,1,
E02000021,Barking and Dagenham 020,-3.614,2.623,268,1287,3,
E02000022,Barking and Dagenham 021,-3.261,3.694,11,102,1,
E02000023,Barking and Dagenham 022,-3.440,3.107,85,491,1,
E02006799,Barking and Dagenham 023,-3.426,3.149,77,441,1,
E02000024,Barnet 001,-4.084,1.656,834,4556,9,
E02000025,Barnet 002,-3.870,2.044,589,2899,6,
E02000026,Barnet 003,-4.119,1.601,860,4847,9,
E02000027,Barnet 004,-3.912,1.960,639,3185,7,
E02000028,Barnet 005,-4.235,1.427,933,5736,10,
E02000029,Barnet 006,-3.897,1.991,624,3078,7,
E02000030,Barnet 007,-4.140,1.567,876,5033,9,
E02000031,Barnet 008,-4.128,1.586,867,4924,9,
E02000032,Barnet 009,-4.183,1.503,905,5349,10,
E02000033,Barnet 010,-3.932,1.922,660,3346,7,
E02000034,Barnet 011,-4.042,1.725,800,4221,9,
E02000035,Barnet 012,-3.965,1.861,709,3614,8,
E02000036,Barnet 013,-3.988,1.820,735,3762,8,
E02000037,Barnet 014,-4.003,1.793,759,3912,8,
E02000038,Barnet 015,-3.974,1.844,721,3675,8,
E02000039,Barnet 016,-4.224,1.443,929,5661,10,
E02000040,Barnet 017,-3.956,1.878,690,3534,8,
E02000041,Barnet 018,-3.962,1.867,699,3580,8,
E02000042,Barnet 019,-3.786,2.218,478,2304,5,
E02000043,Barnet 020,-4.179,1.508,901,5322,10,
E02000044,Barnet 021,-3.875,2.034,594,2932,7,
E02000045,Barnet 022,-3.770,2.254,457,2194,5,
E02000046,Barnet 023,-4.078,1.666,826,4502,9,
E02000047,Barnet 024,-3.658,2.513,321,1512,4,
E02000048,Barnet 025,-4.083,1.657,832,4551,9,
E02000049,Barnet 026,-3.780,2.232,475,2271,5,
E02000050,Barnet 027,-3.801,2.187,495,2394,6,
E02000051,Barnet 028,-4.000,1.799,752,3880,8,
E02000052,Barnet 029,-3.754,2.289,432,2076,5,
E02000053,Barnet 030,-3.890,2.004,611,3022,7,
E02000054,Barnet 031,-4.120,1.598,863,4857,9,
E02000055,Barnet 032,-3.892,1.999,615,3041,7,
E02000056,Barnet 033,-4.319,1.314,961,6256,10,
E02000057,Barnet 034,-4.012,1.778,766,3965,8,
E02000058,Barnet 035,-4.127,1.587,866,4917,9,
E02000059,Barnet 036,-3.769,2.255,456,2188,5,
E02000060,Barnet 037,-3.890,2.003,612,3025,7,
E02000061,Barnet 038,-4.197,1.482,911,5459,10,
E02000062,Barnet 039,-3.610,2.634,264,1268,3,
E02000063,Barnet 040,-3.961,1.869,696,3569,8,
E02000064,Barnet 041,-3.820,2.146,531,2558,6,
E02000065,Bexley 001,-3.866,2.050,586,2883,6,
E02000066,Bexley 002,-3.598,2.664,251,1216,3,
E02000067,Bexley 003,-3.604,2.651,259,1239,3,
E02000068,Bexley 004,-3.589,2.689,237,1172,3,
E02000069,Bexley 005,-3.896,1.991,623,3076,7,
E02000070,Bexley 006,-3.919,1.947,647,3238,7,
E02000071,Bexley 007,-3.889,2.006,610,3013,7,
E02000072,Bexley 008,-3.648,2.538,305,1462,4,
E02000073,Bexley 009,-4.081,1.661,829,4527,9,
E02000074,Bexley 010,-3.595,2.674,247,1200,3,
E02000075,Bexley 011,-4.095,1.638,845,4651,9,
E02000077,Bexley 013,-4.003,1.793,760,3913,8,
E02000078,Bexley 014,-4.134,1.576,872,4978,9,
E02000079,Bexley 015,-3.852,2.080,567,2776,6,
E02000080,Bexley 016,-3.995,1.807,743,3830,8,
E02000081,Bexley 017,-3.844,2.095,552,2715,6,
E02000082,Bexley 018,-4.047,1.718,804,4258,9,
E02000083,Bexley 019,-3.742,2.317,414,1998,5,
E02000084,Bexley 020,-4.119,1.600,862,4850,9,
E02000085,Bexley 021,-3.945,1.899,677,3454,7,
E02000086,Bexley 022,-4.239,1.422,936,5769,10,
E02000087,Bexley 023,-4.180,1.507,902,5326,10,
E02000088,Bexley 024,-4.177,1.511,899,5306,10,
E02000089,Bexley 025,-4.164,1.531,890,5204,10,
E02000090,Bexley 026,-3.809,2.169,511,2456,6,
E02000091,Bexley 027,-3.833,2.118,541,2638,6,
E02000092,Bexley 028,-3.712,2.384,387,1832,4,
E02006785,Bexley 029,-3.865,2.054,583,2864,6,
E02000093,Brent 001,-4.036,1.737,789,4152,9,
E02000094,Brent 002,-3.997,1.805,744,3841,8,
E02000095,Brent 003,-4.001,1.797,754,3891,8,
E02000096,Brent 004,-4.027,1.751,780,4081,8,
E02000097,Brent 005,-3.884,2.016,605,2982,7,
E02000098,Brent 006,-3.922,1.942,650,3258,7,
E02000099,Brent 007,-3.970,1.853,715,3646,8,
E02000100,Brent 008,-4.238,1.423,934,5761,10,
E02000101,Brent 009,-3.772,2.248,464,2219,5,
E02000102,Brent 010,-3.808,2.172,508,2443,6,
E02000103,Brent 011,-3.941,1.907,672,3421,7,
E02000104,Brent 012,-3.878,2.028,596,2946,7,
E02000105,Brent 013,-3.956,1.878,689,3533,8,
E02000106,Brent 014,-3.851,2.082,562,2768,6,
E02000107,Brent 015,-3.963,1.866,700,3587,8,
E02000108,Brent 016,-3.805,2.178,502,2419,6,
E02000109,Brent 017,-3.913,1.959,640,3189,7,
E02000110,Brent 018,-3.875,2.033,595,2935,7,
E02000111,Brent 019,-3.858,2.067,573,2822,6,
E02000112,Brent 020,-3.943,1.901,673,3435,7,
E02000113,Brent 021,-3.594,2.676,246,1197,3,
E02000114,Brent 022,-3.668,2.488,332,1559,4,
E02000115,Brent 023,-3.593,2.677,245,1190,3,
E02000116,Brent 024,-3.512,2.899,153,782,2,
E02000117,Brent 025,-3.573,2.730,216,1081,3,
E02000118,Brent 026,-3.968,1.855,713,3633,8,
E02000119,Brent 027,-3.505,2.917,145,754,2,
E02000120,Brent 028,-3.753,2.292,430,2069,5,
E02000121,Brent 029,-3.953,1.884,685,3505,7,
E02000122,Brent 030,-3.848,2.088,556,2745,6,
E02000123,Brent 031,-3.585,2.699,230,1149,3,
E02000124,Brent 032,-3.832,2.121,540,2632,6,
E02000125,Brent 033,-3.818,2.150,530,2545,6,
E02000126,Brent 034,-3.413,3.188,70,399,1,
E02000127,Bromley 001,-3.692,2.433,365,1706,4,
E02000128,Bromley 002,-4.002,1.796,755,3899,8,
E02000130,Bromley 004,-3.958,1.873,692,3545,8,
E02000131,Bromley 005,-3.690,2.437,362,1692,4,
E02000132,Bromley 006,-3.814,2.159,525,2503,6,
E02000133,Bromley 007,-4.354,1.269,972,6445,10,
E02000134,Bromley 008,-3.781,2.230,476,2277,5,
E02000135,Bromley 009,-3.445,3.091,94,517,1,
E02000136,Bromley 010,-4.076,1.669,823,4490,9,
E02000137,Bromley 011,-4.176,1.513,895,5287,10,
E02000138,Bromley 012,-4.111,1.613,856,4787,9,
E02000139,Bromley 013,-3.899,1.986,628,3092,7,
E02000140,Bromley 014,-3.552,2.787,196,988,2,
E02000141,Bromley 015,-3.680,2.461,348,1629,4,
E02000142,Bromley 016,-4.208,1.466,919,5554,10,
E02000144,Bromley 018,-4.207,1.467,917,5548,10,
E02000145,Bromley 019,-3.770,2.254,458,2199,5,
E02000146,Bromley 020,-3.947,1.895,682,3474,7,
E02000147,Bromley 021,-4.324,1.307,964,6288,10,
E02000148,Bromley 022,-4.240,1.421,937,5774,10,
E02000149,Bromley 023,-3.964,1.863,706,3607,8,
E02000150,Bromley 024,-4.083,1.657,831,4550,9,
E02000151,Bromley 025,-4.330,1.299,968,6322,10,
E02000152,Bromley 026,-3.763,2.269,444,2131,5,
E02000153,Bromley 027,-4.247,1.411,941,5842,10,
E02000154,Bromley 028,-4.136,1.574,874,4988,9,
E02000155,Bromley 029,-4.026,1.753,778,4072,8,
E02000156,Bromley 030,-4.165,1.529,891,5213,10,
E02000157,Bromley 031,-4.213,1.458,923,5588,10,
E02000158,Bromley 032,-4.252,1.403,943,5872,10,
E02000159,Bromley 033,-4.313,1.322,959,6225,10,
E02000160,Bromley 034,-4.210,1.463,921,5565,10,
E02000161,Bromley 035,-4.188,1.495,908,5391,10,
E02000162,Bromley 036,-4.083,1.657,833,4552,9,
E02000163,Bromley 037,-4.268,1.381,946,5956,10,
E02000165,Bromley 039,-4.263,1.389,945,5937,10,
E02006782,Bromley 040,-4.009,1.782,764,3948,8,
E02006787,Bromley 041,-3.922,1.942,649,3256,7,
E02006789,Bromley 042,-4.227,1.438,931,5684,10,
E02000166,Camden 001,-4.049,1.713,808,4278,9,
E02000167,Camden 002,-4.244,1.415,940,5806,10,
E02000168,Camden 003,-4.161,1.535,888,5184,10,
E02000169,Camden 004,-4.296,1.344,953,6140,10,
E02000170,Camden 005,-4.104,1.624,850,4718,9,
E02000171,Camden 006,-3.917,1.951,646,3227,7,
E02000172,Camden 007,-3.547,2.801,189,958,2,
E02000173,Camden 008,-4.131,1.581,870,4953,9,
E02000174,Camden 009,-3.645,2.546,299,1445,4,
E02000175,Camden 010,-3.884,2.016,606,2984,7,
E02000176,Camden 011,-4.042,1.726,798,4215,9,
E02000177,Camden 012,-3.590,2.686,240,1179,3,
E02000178,Camden 013,-3.495,2.946,134,719,2,
E02000179,Camden 014,-4.000,1.799,751,3877,8,
E02000180,Camden 015,-3.705,2.401,381,1783,4,
E02000181,Camden 016,-3.904,1.976,633,3126,7,
E02000182,Camden 017,-3.970,1.853,716,3647,8,
E02000183,Camden 018,-3.970,1.852,717,3650,8,
E02000184,Camden 019,-3.639,2.560,291,1418,3,
E02000185,Camden 020,-3.453,3.067,99,545,1,
E02000186,Camden 021,-3.964,1.863,703,3604,8,
E02000187,Camden 022,-3.368,3.332,44,271,1,
E02000188,Camden 023,-3.424,3.155,76,435,1,
E02000189,Camden 024,-3.514,2.892,155,796,2,
E02000190,Camden 025,-3.626,2.593,277,1350,3,
E02000191,Camden 026,-3.945,1.898,679,3459,7,
E02000192,Camden 027,-3.584,2.700,229,1146,3,
E02000193,Camden 028,-3.821,2.143,533,2565,6,
E02000001,City of London 001,-3.994,1.808,742,3822,8,
E02000194,Croydon 001,-3.795,2.199,488,2359,5,
E02000195,Croydon 002,-4.135,1.576,873,4980,9,
E02000196,Croydon 003,-3.932,1.924,659,3340,7,
E02000197,Croydon 004,-3.856,2.071,570,2804,6,
E02000198,Croydon 005,-3.736,2.328,407,1965,5,
E02000199,Croydon 006,-3.954,1.882,688,3514,7,
E02000200,Croydon 007,-3.892,1.999,614,3040,7,
E02000201,Croydon 008,-3.562,2.759,205,1028,3,
E02000202,Croydon 009,-3.883,2.017,604,2979,7,
E02000203,Croydon 010,-3.684,2.450,356,1661,4,
E02000204,Croydon 011,-3.899,1.985,629,3095,7,
E02000206,Croydon 013,-3.712,2.384,386,1830,4,
E02000207,Croydon 014,-3.670,2.485,333,1565,4,
E02000208,Croydon 015,-3.444,3.093,93,509,1,
E02000209,Croydon 016,-3.759,2.277,441,2108,5,
E02000210,Croydon 017,-3.867,2.049,587,2886,6,
E02000211,Croydon 018,-4.081,1.660,830,4533,9,
E02000212,Croydon 019,-3.575,2.726,218,1093,3,
E02000213,Croydon 020,-3.418,3.173,73,419,1,
E02000214,Croydon 021,-4.143,1.563,878,5054,9,
E02000215,Croydon 022,-3.570,2.738,213,1064,3,
E02000216,Croydon 023,-4.016,1.771,769,3993,8,
E02000217,Croydon 024,-3.699,2.416,372,1740,4,
E02000218,Croydon 025,-4.094,1.641,843,4638,9,
E02000219,Croydon 026,-4.181,1.505,903,5338,10,
E02000220,Croydon 027,-3.537,2.828,175,906,2,
E02000221,Croydon 028,-3.778,2.235,474,2259,5,
E02000222,Croydon 029,-4.214,1.457,924,5595,10,
E02000223,Croydon 030,-3.609,2.636,263,1267,3,
E02000224,Croydon 031,-3.913,1.959,641,3192,7,
E02000225,Croydon 032,-3.807,2.173,506,2433,6,
E02000226,Croydon 033,-4.348,1.277,971,6422,10,
E02000227,Croydon 034,-4.040,1.729,794,4196,9,
E02000228,Croydon 035,-4.443,1.162,980,6692,10,
E02000229,Croydon 036,-3.444,3.095,92,506,1,
E02000230,Croydon 037,-4.140,1.567,875,5030,9,
E02000231,Croydon 038,-4.406,1.205,979,6620,10,
E02000232,Croydon 039,-4.155,1.544,883,5133,9,
E02000233,Croydon 040,-4.345,1.280,970,6402,10,
E02000234,Croydon 041,-4.182,1.503,904,5346,10,
E02000235,Croydon 042,-4.390,1.225,978,6571,10,
E02000236,Croydon 043,-4.199,1.478,913,5486,10,
E02000237,Croydon 044,-4.042,1.726,797,4212,9,
E02006788,Croydon 045,-3.569,2.742,212,1059,3,
E02000238,Ealing 001,-3.836,2.112,543,2662,6,
E02000239,Ealing 002,-4.036,1.736,791,4158,9,
E02000240,Ealing 003,-3.746,2.307,424,2026,5,
E02000241,Ealing 004,-3.997,1.804,745,3844,8,
E02000242,Ealing 005,-3.990,1.816,737,3783,8,
E02000243,Ealing 006,-3.812,2.164,519,2483,6,
E02000244,Ealing 007,-3.999,1.800,748,3868,8,
E02000245,Ealing 008,-3.468,3.024,111,606,2,
E02000246,Ealing 009,-3.646,2.544,301,1454,4,
E02000247,Ealing 010,-3.678,2.466,344,1620,4,
E02000248,Ealing 011,-4.033,1.742,786,4129,8,
E02000249,Ealing 012,-3.755,2.286,434,2090,5,
E02000250,Ealing 013,-4.157,1.541,884,5148,9,
E02000251,Ealing 014,-3.993,1.812,740,3809,8,
E02000252,Ealing 015,-3.735,2.331,406,1963,5,
E02000253,Ealing 016,-3.462,3.041,104,575,2,
E02000254,Ealing 017,-3.804,2.180,501,2413,6,
E02000255,Ealing 018,-4.097,1.635,846,4667,9,
E02000256,Ealing 019,-4.094,1.640,844,4639,9,
E02000257,Ealing 020,-3.892,1.999,613,3039,7,
E02000258,Ealing 021,-3.880,2.022,600,2964,7,
E02000259,Ealing 022,-4.142,1.564,877,5048,9,
E02000260,Ealing 023,-3.730,2.343,400,1937,5,
E02000261,Ealing 024,-3.701,2.409,374,1758,4,
E02000262,Ealing 025,-3.490,2.961,127,693,2,
E02000263,Ealing 026,-3.577,2.721,220,1106,3,
E02000264,Ealing 027,-4.040,1.730,793,4191,9,
E02000265,Ealing 028,-3.601,2.657,254,1227,3,
E02000266,Ealing 029,-3.733,2.335,403,1953,5,
E02000267,Ealing 030,-3.705,2.402,380,1781,4,
E02000268,Ealing 031,-3.831,2.123,538,2629,6,
E02000269,Ealing 032,-3.984,1.828,731,3735,8,
E02000270,Ealing 033,-3.497,2.939,135,726,2,
E02000271,Ealing 034,-4.081,1.661,828,4525,9,
E02000272,Ealing 035,-4.088,1.649,839,4595,9,
E02000274,Ealing 037,-3.692,2.431,367,1709,4,
E02000275,Ealing 038,-3.678,2.466,343,1618,4,
E02000276,Ealing 039,-3.810,2.168,513,2463,6,
E02006791,Ealing 040,-3.817,2.152,528,2534,6,
E02000277,Enfield 001,-3.916,1.953,644,3217,7,
E02000278,Enfield 002,-3.645,2.545,300,1450,4,
E02000279,Enfield 003,-3.697,2.420,370,1727,4,
E02000280,Enfield 004,-3.881,2.021,601,2967,7,
E02000281,Enfield 005,-3.805,2.176,504,2421,6,
E02000282,Enfield 006,-3.595,2.672,250,1206,3,
E02000283,Enfield 007,-4.019,1.765,773,4027,8,
E02000284,Enfield 008,-3.866,2.051,584,2878,6,
E02000285,Enfield 009,-4.130,1.583,869,4941,9,
E02000286,Enfield 010,-4.000,1.799,749,3875,8,
E02000287,Enfield 011,-4.026,1.754,777,4070,8,
E02000288,Enfield 012,-3.672,2.480,336,1578,4,
E02000289,Enfield 013,-4.176,1.513,896,5289,10,
E02000290,Enfield 014,-3.674,2.474,340,1594,4,
E02000291,Enfield 015,-3.811,2.165,516,2476,6,
E02000292,Enfield 016,-3.862,2.059,579,2843,6,
E02000293,Enfield 017,-4.223,1.445,928,5652,10,
E02000294,Enfield 018,-3.731,2.341,401,1939,5,
E02000295,Enfield 019,-3.964,1.863,702,3600,8,
E02000296,Enfield 020,-3.851,2.082,561,2766,6,
E02000297,Enfield 021,-4.053,1.707,814,4308,9,
E02000298,Enfield 022,-4.249,1.408,942,5855,10,
E02000299,Enfield 023,-3.644,2.549,297,1440,4,
E02000300,Enfield 024,-3.815,2.156,527,2518,6,
E02000301,Enfield 025,-3.604,2.650,260,1240,3,
E02000302,Enfield 026,-3.831,2.122,539,2630,6,
E02000303,Enfield 027,-3.547,2.799,191,963,2,
E02000304,Enfield 028,-4.147,1.556,881,5079,9,
E02000305,Enfield 029,-3.815,2.156,526,2517,6,
E02000306,Enfield 030,-3.255,3.716,10,93,1,
E02000307,Enfield 031,-3.837,2.110,544,2670,6,
E02000308,Enfield 032,-4.043,1.724,801,4225,9,
E02000309,Enfield 033,-3.744,2.312,419,2013,5,
E02000311,Enfield 035,-3.793,2.204,486,2350,5,
E02000312,Enfield 036,-3.796,2.197,489,2365,5,
E02006793,Enfield 037,-3.679,2.462,346,1626,4,
E02000313,Greenwich 001,-3.631,2.582,285,1372,3,
E02000314,Greenwich 002,-3.661,2.505,324,1526,4,
E02000315,Greenwich 003,-3.469,3.021,112,615,2,
E02000316,Greenwich 004,-3.313,3.511,27,190,1,
E02000317,Greenwich 005,-3.627,2.591,280,1357,3,
E02000318,Greenwich 006,-3.524,2.863,167,851,2,
E02000319,Greenwich 007,-3.629,2.587,282,1365,3,
E02000320,Greenwich 008,-3.766,2.262,451,2161,5,
E02000321,Greenwich 009,-3.604,2.648,261,1243,3,
E02000323,Greenwich 011,-3.479,2.993,119,650,2,
E02000324,Greenwich 012,-3.522,2.868,161,837,2,
E02000326,Greenwich 014,-3.759,2.279,439,2104,5,
E02000327,Greenwich 015,-3.561,2.762,204,1025,3,
E02000328,Greenwich 016,-3.862,2.060,578,2842,6,
E02000329,Greenwich 017,-3.706,2.399,382,1790,4,
E02000331,Greenwich 019,-3.692,2.432,366,1707,4,
E02000332,Greenwich 020,-4.105,1.623,851,4723,9,
E02000333,Greenwich 021,-4.225,1.441,930,5672,10,
E02000334,Greenwich 022,-3.738,2.324,409,1976,5,
E02000335,Greenwich 023,-3.959,1.872,694,3551,8,
E02000337,Greenwich 025,-3.586,2.696,234,1156,3,
E02000339,Greenwich 027,-3.873,2.037,593,2920,7,
E02000340,Greenwich 028,-3.898,1.987,627,3090,7,
E02000341,Greenwich 029,-3.644,2.548,298,1442,4,
E02000342,Greenwich 030,-3.698,2.418,371,1732,4,
E02000343,Greenwich 031,-3.777,2.237,471,2253,5,
E02000344,Greenwich 032,-4.015,1.772,768,3990,8,
E02006786,Greenwich 033,-3.776,2.241,468,2245,5,
E02006927,Greenwich 034,-3.963,1.864,701,3593,8,
E02006928,Greenwich 035,-3.739,2.322,410,1983,5,
E02006929,Greenwich 036,-3.574,2.727,217,1091,3,
E02006930,Greenwich 037,-3.648,2.539,304,1460,4,
E02006931,Greenwich 038,-3.772,2.248,462,2215,5,
E02000345,Hackney 001,-3.764,2.266,446,2142,5,
E02000346,Hackney 002,-3.284,3.614,18,134,1,
E02000347,Hackney 003,-3.612,2.629,265,1279,3,
E02000348,Hackney 004,-3.564,2.754,209,1039,3,
E02000350,Hackney 006,-3.657,2.515,317,1505,4,
E02000351,Hackney 007,-3.617,2.616,270,1298,3,
E02000352,Hackney 008,-3.384,3.281,56,310,1,
E02000353,Hackney 009,-3.579,2.713,224,1118,3,
E02000354,Hackney 010,-3.278,3.632,16,128,1,
E02000355,Hackney 011,-3.679,2.462,347,1628,4,
E02000356,Hackney 012,-3.603,2.651,258,1236,3,
E02000357,Hackney 013,-3.244,3.754,8,80,1,
E02000358,Hackney 014,-3.358,3.363,39,251,1,
E02000359,Hackney 015,-3.505,2.917,144,753,2,
E02000360,Hackney 016,-3.269,3.665,13,114,1,
E02000361,Hackney 017,-3.506,2.915,147,756,2,
E02000362,Hackney 018,-3.261,3.692,12,104,1,
E02000363,Hackney 019,-3.372,3.319,48,282,1,
E02000364,Hackney 020,-3.640,2.559,293,1420,3,
E02000365,Hackney 021,-3.540,2.819,178,922,2,
E02000366,Hackney 022,-3.443,3.098,89,500,1,
E02000367,Hackney 023,-3.680,2.461,349,1630,4,
E02000368,Hackney 024,-3.224,3.828,2,59,1,
E02000369,Hackney 025,-3.378,3.299,49,292,1,
E02000370,Hackney 026,-3.226,3.820,4,64,1,
E02000371,Hackney 027,-3.529,2.850,172,872,2,
E02006918,Hackney 028,-3.399,3.231,61,354,1,
E02006921,Hackney 029,-3.412,3.191,68,394,1,
E02000372,Hammersmith and Fulham 001,-3.538,2.825,176,910,2,
E02000373,Hammersmith and Fulham 002,-3.524,2.865,166,848,2,
E02000374,Hammersmith and Fulham 003,-3.738,2.326,408,1970,5,
E02000375,Hammersmith and Fulham 004,-3.567,2.745,211,1055,3,
E02000376,Hammersmith and Fulham 005,-3.598,2.664,253,1218,3,
E02000377,Hammersmith and Fulham 006,-3.585,2.698,232,1151,3,
E02000378,Hammersmith and Fulham 007,-3.755,2.286,435,2092,5,
E02000379,Hammersmith and Fulham 008,-3.879,2.026,597,2951,7,
E02000380,Hammersmith and Fulham 009,-3.802,2.184,497,2400,6,
E02000381,Hammersmith and Fulham 010,-3.991,1.815,738,3790,8,
E02000382,Hammersmith and Fulham 011,-4.056,1.702,815,4325,9,
E02000383,Hammersmith and Fulham 012,-3.858,2.067,572,2819,6,
E02000384,Hammersmith and Fulham 013,-3.638,2.563,290,1411,3,
E02000385,Hammersmith and Fulham 014,-3.929,1.928,656,3316,7,
E02000386,Hammersmith and Fulham 015,-3.555,2.779,199,999,3,
E02000387,Hammersmith and Fulham 016,-3.523,2.866,164,844,2,
E02000388,Hammersmith and Fulham 017,-3.586,2.696,233,1155,3,
E02000389,Hammersmith and Fulham 018,-3.858,2.066,574,2823,6,
E02000390,Hammersmith and Fulham 019,-3.686,2.446,358,1675,4,
E02000391,Hammersmith and Fulham 020,-3.860,2.064,576,2830,6,
E02000392,Hammersmith and Fulham 021,-3.801,2.187,496,2395,6,
E02000393,Hammersmith and Fulham 022,-3.872,2.039,592,2913,7,
E02000394,Hammersmith and Fulham 023,-3.717,2.373,391,1870,4,
E02000395,Hammersmith and Fulham 024,-4.012,1.777,767,3968,8,
E02000396,Hammersmith and Fulham 025,-4.029,1.748,782,4094,8,
E02000397,Haringey 001,-3.546,2.803,186,952,2,
E02000398,Haringey 002,-3.555,2.780,198,998,3,
E02000400,Haringey 004,-3.657,2.515,318,1506,4,
E02000401,Haringey 005,-3.466,3.028,107,599,2,
E02000402,Haringey 006,-3.449,3.079,97,534,1,
E02000403,Haringey 007,-3.627,2.591,281,1358,3,
E02000404,Haringey 008,-3.682,2.456,352,1639,4,
E02000405,Haringey 009,-4.210,1.463,920,5563,10,
E02000406,Haringey 010,-3.557,2.774,200,1005,3,
E02000407,Haringey 011,-3.507,2.911,149,763,2,
E02000408,Haringey 012,-3.591,2.683,242,1184,3,
E02000409,Haringey 013,-3.595,2.674,248,1201,3,
E02000410,Haringey 014,-4.033,1.741,787,4135,9,
E02000411,Haringey 015,-3.534,2.836,174,894,2,
E02000412,Haringey 016,-3.523,2.867,163,839,2,
E02000413,Haringey 017,-4.017,1.769,771,4005,8,
E02000414,Haringey 018,-3.700,2.413,373,1747,4,
E02000415,Haringey 019,-3.764,2.266,447,2145,5,
E02000416,Haringey 020,-3.589,2.689,238,1173,3,
E02000417,Haringey 021,-4.230,1.434,932,5706,10,
E02000418,Haringey 022,-4.050,1.712,810,4287,9,
E02000419,Haringey 023,-3.602,2.655,256,1229,3,
E02000420,Haringey 024,-3.474,3.007,116,637,2,
E02000421,Haringey 025,-3.521,2.872,158,830,2,
E02000422,Haringey 026,-3.545,2.806,182,939,2,
E02000423,Haringey 027,-3.647,2.541,303,1459,4,
E02000424,Haringey 028,-3.627,2.591,279,1356,3,
E02000425,Haringey 029,-3.735,2.331,405,1961,5,
E02000426,Haringey 030,-4.213,1.459,922,5585,10,
E02000427,Haringey 031,-3.739,2.322,411,1985,5,
E02000428,Haringey 032,-3.526,2.857,170,861,2,
E02000429,Haringey 033,-4.068,1.683,818,4427,9,
E02000430,Haringey 034,-3.897,1.990,625,3081,7,
E02000431,Haringey 035,-4.286,1.358,952,6070,10,
E02000432,Haringey 036,-3.787,2.216,480,2316,5,
E02006794,Haringey 037,-3.414,3.188,71,402,1,
E02000433,Harrow 001,-3.952,1.885,684,3504,7,
E02000434,Harrow 002,-4.000,1.798,753,3884,8,
E02000435,Harrow 003,-4.029,1.747,783,4100,8,
E02000436,Harrow 004,-4.390,1.225,977,6570,10,
E02000437,Harrow 005,-3.993,1.810,741,3815,8,
E02000438,Harrow 006,-3.901,1.982,630,3106,7,
E02000439,Harrow 007,-3.893,1.997,617,3051,7,
E02000440,Harrow 008,-4.219,1.450,926,5629,10,
E02000441,Harrow 009,-4.019,1.765,772,4026,8,
E02000442,Harrow 010,-3.961,1.868,698,3572,8,
E02000443,Harrow 011,-3.758,2.279,438,2102,5,
E02000444,Harrow 012,-3.959,1.873,693,3547,8,
E02000445,Harrow 013,-3.804,2.180,500,2411,6,
E02000447,Harrow 015,-4.103,1.626,849,4708,9,
E02000448,Harrow 016,-4.220,1.449,927,5636,10,
E02000449,Harrow 017,-3.762,2.272,443,2124,5,
E02000451,Harrow 019,-4.122,1.596,864,4870,9,
E02000452,Harrow 020,-3.964,1.863,704,3605,8,
E02000453,Harrow 021,-4.003,1.794,758,3905,8,
E02000454,Harrow 022,-4.279,1.367,950,6019,10,
E02000455,Harrow 023,-3.862,2.060,577,2840,6,
E02000456,Harrow 024,-4.035,1.737,788,4150,9,
E02000457,Harrow 025,-4.300,1.339,954,6160,10,
E02000459,Harrow 027,-3.706,2.398,383,1794,4,
E02000460,Harrow 028,-3.758,2.280,437,2101,5,
E02000461,Harrow 029,-4.038,1.733,792,4172,9,
E02000462,Harrow 030,-3.925,1.936,652,3279,7,
E02000463,Harrow 031,-3.767,2.259,453,2173,5,
E02006795,Harrow 032,-3.976,1.842,724,3685,8,
E02006882,Harrow 033,-4.069,1.682,819,4435,9,
E02000464,Havering 001,-3.656,2.518,314,1500,4,
E02000465,Havering 002,-3.517,2.884,156,812,2,
E02000466,Havering 003,-3.879,2.026,598,2955,7,
E02000467,Havering 004,-3.336,3.437,29,212,1,
E02000468,Havering 005,-3.896,1.991,622,3075,7,
E02000469,Havering 006,-3.674,2.475,339,1590,4,
E02000470,Havering 007,-3.981,1.833,729,3718,8,
E02000471,Havering 008,-4.157,1.541,885,5151,10,
E02000472,Havering 009,-3.957,1.876,691,3537,8,
E02000473,Havering 010,-3.985,1.826,732,3740,8,
E02000474,Havering 011,-3.725,2.354,397,1911,5,
E02000475,Havering 012,-4.119,1.600,861,4848,9,
E02000476,Havering 013,-3.662,2.504,325,1529,4,
E02000477,Havering 014,-4.162,1.534,889,5188,10,
E02000478,Havering 015,-4.374,1.244,975,6537,10,
E02000479,Havering 016,-3.620,2.608,273,1318,3,
E02000480,Havering 017,-3.965,1.861,708,3612,8,
E02000481,Havering 018,-3.953,1.884,686,3507,7,
E02000482,Havering 019,-4.145,1.559,880,5067,9,
E02000483,Havering 020,-3.688,2.442,360,1682,4,
E02000484,Havering 021,-3.961,1.868,697,3571,8,
E02000485,Havering 022,-4.002,1.796,756,3900,8,
E02000486,Havering 023,-3.969,1.854,714,3641,8,
E02000487,Havering 024,-4.279,1.367,949,6018,10,
E02000488,Havering 025,-4.051,1.710,811,4292,9,
E02000489,Havering 026,-3.822,2.141,535,2576,6,
E02000490,Havering 027,-3.851,2.081,563,2769,6,
E02000491,Havering 028,-3.813,2.160,524,2496,6,
E02000492,Havering 029,-4.076,1.669,824,4495,9,
E02000493,Havering 030,-3.752,2.293,428,2062,5,
E02000494,Hillingdon 001,-4.328,1.302,965,6305,10,
E02000495,Hillingdon 002,-3.997,1.803,746,3849,8,
E02000496,Hillingdon 003,-3.945,1.898,678,3458,7,
E02000497,Hillingdon 004,-4.113,1.609,857,4804,9,
E02000498,Hillingdon 005,-4.025,1.754,776,4068,8,
E02000499,Hillingdon 006,-4.195,1.484,910,5448,10,
E02000500,Hillingdon 007,-4.238,1.423,935,5764,10,
E02000501,Hillingdon 008,-4.049,1.713,807,4277,9,
E02000502,Hillingdon 009,-3.936,1.916,667,3382,7,
E02000503,Hillingdon 010,-4.132,1.579,871,4958,9,
E02000504,Hillingdon 011,-4.215,1.456,925,5600,10,
E02000506,Hillingdon 013,-4.308,1.329,958,6194,10,
E02000507,Hillingdon 014,-4.029,1.749,781,4092,8,
E02000508,Hillingdon 015,-3.769,2.256,455,2183,5,
E02000509,Hillingdon 016,-3.720,2.367,394,1884,5,
E02000510,Hillingdon 017,-4.024,1.756,775,4056,8,
E02000511,Hillingdon 018,-3.946,1.896,681,3470,7,
E02000512,Hillingdon 019,-3.714,2.380,388,1849,4,
E02000513,Hillingdon 020,-3.684,2.452,354,1656,4,
E02000514,Hillingdon 021,-3.975,1.843,723,3682,8,
E02000515,Hillingdon 022,-3.743,2.314,415,2007,5,
E02000516,Hillingdon 023,-3.927,1.933,655,3295,7,
E02000517,Hillingdon 024,-3.643,2.552,295,1433,3,
E02000518,Hillingdon 025,-3.671,2.481,334,1575,4,
E02000519,Hillingdon 026,-3.484,2.976,123,673,2,
E02000520,Hillingdon 027,-3.809,2.169,512,2457,6,
E02000521,Hillingdon 028,-3.655,2.521,312,1492,4,
E02000522,Hillingdon 029,-3.833,2.118,542,2642,6,
E02000523,Hillingdon 030,-3.820,2.145,532,2563,6,
E02000524,Hillingdon 031,-3.898,1.988,626,3086,7,
E02000525,Hillingdon 032,-3.893,1.998,616,3046,7,
E02006796,Hillingdon 033,-3.944,1.899,675,3449,7,
E02000526,Hounslow 001,-4.167,1.526,892,5226,10,
E02000528,Hounslow 003,-3.661,2.507,323,1521,4,
E02000529,Hounslow 004,-3.793,2.202,487,2353,5,
E02000530,Hounslow 005,-3.528,2.852,171,869,2,
E02000531,Hounslow 006,-3.824,2.137,536,2590,6,
E02000532,Hounslow 007,-4.006,1.789,762,3929,8,
E02000533,Hounslow 008,-3.964,1.863,705,3606,8,
E02000534,Hounslow 009,-4.195,1.485,909,5446,10,
E02000535,Hounslow 010,-3.866,2.050,585,2882,6,
E02000536,Hounslow 011,-3.914,1.958,643,3200,7,
E02000537,Hounslow 012,-4.108,1.617,855,4763,9,
E02000538,Hounslow 013,-3.753,2.291,431,2070,5,
E02000539,Hounslow 014,-3.725,2.355,396,1909,5,
E02000540,Hounslow 015,-3.673,2.476,338,1587,4,
E02000541,Hounslow 016,-3.774,2.244,465,2226,5,
E02000542,Hounslow 017,-3.664,2.500,328,1538,4,
E02000543,Hounslow 018,-3.849,2.085,558,2755,6,
E02000544,Hounslow 019,-3.964,1.863,707,3610,8,
E02000545,Hounslow 020,-3.781,2.229,477,2279,5,
E02000546,Hounslow 021,-3.856,2.072,569,2802,6,
E02000547,Hounslow 022,-3.703,2.405,378,1769,4,
E02000548,Hounslow 023,-3.656,2.518,315,1501,4,
E02000549,Hounslow 024,-3.796,2.197,490,2369,5,
E02000550,Hounslow 025,-3.803,2.182,498,2409,6,
E02000551,Hounslow 026,-3.629,2.587,283,1366,3,
E02000552,Hounslow 027,-3.896,1.992,620,3070,7,
E02000553,Hounslow 028,-3.960,1.872,695,3553,8,
E02006792,Hounslow 029,-3.818,2.150,529,2543,6,
E02000554,Islington 001,-3.424,3.155,75,434,1,
E02000555,Islington 002,-3.739,2.322,413,1987,5,
E02000556,Islington 003,-3.505,2.916,146,755,2,
E02000557,Islington 004,-3.513,2.894,154,793,2,
E02000558,Islington 005,-3.343,3.412,33,223,1,
E02000559,Islington 006,-3.789,2.213,481,2326,5,
E02000560,Islington 007,-3.549,2.795,193,977,2,
E02000561,Islington 008,-4.004,1.792,761,3915,8,
E02000562,Islington 009,-3.639,2.560,292,1419,3,
E02000563,Islington 010,-3.442,3.102,87,495,1,
E02000564,Islington 011,-3.472,3.013,114,626,2,
E02000565,Islington 012,-3.461,3.044,103,573,2,
E02000566,Islington 013,-3.772,2.248,463,2216,5,
E02000567,Islington 014,-3.511,2.901,152,779,2,
E02000568,Islington 015,-3.289,3.594,20,144,1,
E02000569,Islington 016,-3.739,2.322,412,1986,5,
E02000570,Islington 017,-4.046,1.719,803,4251,9,
E02000571,Islington 018,-3.542,2.813,181,933,2,
E02000572,Islington 019,-3.230,3.806,5,66,1,
E02000573,Islington 020,-3.797,2.194,492,2376,6,
E02000574,Islington 021,-3.664,2.498,329,1544,4,
E02000575,Islington 022,-3.590,2.685,241,1181,3,
E02000576,Islington 023,-3.477,2.998,118,645,2,
E02000577,Kensington and Chelsea 001,-3.551,2.790,195,984,2,
E02000578,Kensington and Chelsea 002,-3.463,3.039,105,583,2,
E02000579,Kensington and Chelsea 003,-3.778,2.236,473,2257,5,
E02000580,Kensington and Chelsea 004,-3.504,2.921,140,744,2,
E02000581,Kensington and Chelsea 005,-3.499,2.934,137,729,2,
E02000582,Kensington and Chelsea 006,-4.087,1.652,837,4582,9,
E02000583,Kensington and Chelsea 007,-4.328,1.302,966,6306,10,
E02000584,Kensington and Chelsea 008,-4.316,1.318,960,6239,10,
E02000585,Kensington and Chelsea 009,-4.284,1.360,951,6056,10,
E02000586,Kensington and Chelsea 010,-4.359,1.262,973,6471,10,
E02000587,Kensington and Chelsea 011,-4.365,1.255,974,6499,10,
E02000588,Kensington and Chelsea 012,-4.375,1.243,976,6541,10,
E02000589,Kensington and Chelsea 013,-4.071,1.678,820,4450,9,
E02000590,Kensington and Chelsea 014,-3.988,1.821,734,3757,8,
E02000591,Kensington and Chelsea 015,-3.826,2.134,537,2599,6,
E02000592,Kensington and Chelsea 016,-4.335,1.293,969,6344,10,
E02000593,Kensington and Chelsea 017,-3.945,1.899,676,3453,7,
E02000594,Kensington and Chelsea 018,-4.206,1.468,915,5542,10,
E02000595,Kensington and Chelsea 019,-4.202,1.474,914,5510,10,
E02000596,Kensington and Chelsea 020,-4.307,1.330,956,6188,10,
E02000597,Kensington and Chelsea 021,-3.682,2.455,353,1644,4,
E02000598,Kingston upon Thames 001,-4.172,1.518,894,5258,10,
E02000599,Kingston upon Thames 002,-4.307,1.330,957,6189,10,
E02000600,Kingston upon Thames 003,-3.980,1.834,728,3714,8,
E02000601,Kingston upon Thames 004,-3.976,1.841,725,3686,8,
E02000602,Kingston upon Thames 005,-3.548,2.798,192,965,2,
E02000603,Kingston upon Thames 006,-3.920,1.946,648,3244,7,
E02000604,Kingston upon Thames 007,-3.967,1.858,711,3622,8,
E02000605,Kingston upon Thames 008,-3.979,1.836,727,3706,8,
E02000606,Kingston upon Thames 009,-3.933,1.920,663,3357,7,
E02000607,Kingston upon Thames 010,-4.042,1.726,799,4219,9,
E02000608,Kingston upon Thames 011,-3.613,2.625,266,1284,3,
E02000609,Kingston upon Thames 012,-4.177,1.512,898,5299,10,
E02000610,Kingston upon Thames 013,-3.695,2.424,368,1718,4,
E02000611,Kingston upon Thames 014,-4.259,1.394,944,5911,10,
E02000612,Kingston upon Thames 015,-4.275,1.372,947,5999,10,
E02000613,Kingston upon Thames 016,-4.024,1.757,774,4054,8,
E02000614,Kingston upon Thames 017,-3.988,1.821,733,3755,8,
E02000615,Kingston upon Thames 018,-4.017,1.769,770,4002,8,
E02000616,Kingston upon Thames 019,-4.159,1.538,886,5167,10,
E02000617,Kingston upon Thames 020,-3.970,1.852,718,3651,8,
E02000619,Lambeth 002,-3.607,2.641,262,1258,3,
E02000620,Lambeth 003,-3.744,2.312,418,2012,5,
E02000621,Lambeth 004,-3.617,2.616,269,1295,3,
E02000622,Lambeth 005,-3.643,2.552,296,1434,4,
E02000623,Lambeth 006,-3.681,2.457,351,1638,4,
E02000624,Lambeth 007,-3.483,2.979,121,668,2,
E02000625,Lambeth 008,-3.541,2.817,180,927,2,
E02000626,Lambeth 009,-3.545,2.806,183,942,2,
E02000627,Lambeth 010,-3.654,2.524,311,1487,4,
E02000628,Lambeth 011,-3.385,3.276,57,311,1,
E02000629,Lambeth 012,-3.744,2.311,422,2017,5,
E02000630,Lambeth 013,-3.638,2.563,288,1409,3,
E02000631,Lambeth 014,-3.808,2.171,509,2444,6,
E02000632,Lambeth 015,-3.589,2.688,239,1175,3,
E02000633,Lambeth 016,-3.383,3.284,54,305,1,
E02000634,Lambeth 017,-3.547,2.802,188,955,2,
E02000635,Lambeth 018,-3.629,2.585,284,1367,3,
E02000636,Lambeth 019,-3.971,1.851,719,3654,8,
E02000637,Lambeth 020,-3.662,2.503,326,1532,4,
E02000638,Lambeth 021,-3.487,2.969,126,682,2,
E02000639,Lambeth 022,-3.541,2.817,179,926,2,
E02000640,Lambeth 023,-3.744,2.310,423,2019,5,
E02000641,Lambeth 024,-3.520,2.875,157,823,2,
E02000642,Lambeth 025,-3.798,2.193,493,2381,6,
E02000643,Lambeth 026,-3.673,2.476,337,1586,4,
E02000644,Lambeth 027,-3.849,2.086,557,2749,6,
E02000645,Lambeth 028,-3.757,2.283,436,2098,5,
E02000646,Lambeth 029,-3.791,2.208,483,2336,5,
E02000647,Lambeth 030,-3.841,2.102,546,2695,6,
E02000648,Lambeth 031,-3.467,3.027,109,601,2,
E02000649,Lambeth 032,-3.546,2.803,185,950,2,
E02000650,Lambeth 033,-3.690,2.436,364,1699,4,
E02000651,Lambeth 034,-3.850,2.084,559,2758,6,
E02000652,Lambeth 035,-3.803,2.181,499,2410,6,
E02006801,Lambeth 036,-3.798,2.193,494,2382,6,
E02000653,Lewisham 001,-3.414,3.185,72,405,1,
E02000654,Lewisham 002,-3.401,3.225,62,357,1,
E02000655,Lewisham 003,-3.504,2.919,142,750,2,
E02000657,Lewisham 005,-3.614,2.623,267,1286,3,
E02000658,Lewisham 006,-3.687,2.444,359,1677,4,
E02000659,Lewisham 007,-3.863,2.057,581,2849,6,
E02000660,Lewisham 008,-3.663,2.501,327,1536,4,
E02000661,Lewisham 009,-3.871,2.041,591,2908,7,
E02000662,Lewisham 010,-3.703,2.405,377,1766,4,
E02000663,Lewisham 011,-3.812,2.162,522,2490,6,
E02000664,Lewisham 012,-3.380,3.292,51,296,1,
E02000665,Lewisham 013,-3.620,2.610,272,1314,3,
E02000666,Lewisham 014,-3.752,2.292,429,2064,5,
E02000667,Lewisham 015,-3.895,1.995,619,3062,7,
E02000668,Lewisham 016,-3.925,1.936,653,3282,7,
E02000669,Lewisham 017,-3.734,2.334,404,1955,5,
E02000670,Lewisham 018,-3.577,2.720,221,1108,3,
E02000671,Lewisham 019,-3.702,2.408,376,1763,4,
E02000672,Lewisham 020,-3.677,2.467,341,1615,4,
E02000673,Lewisham 021,-4.107,1.619,853,4748,9,
E02000674,Lewisham 022,-3.903,1.979,632,3118,7,
E02000675,Lewisham 023,-3.905,1.974,634,3135,7,
E02000676,Lewisham 024,-3.752,2.294,426,2056,5,
E02000677,Lewisham 025,-3.990,1.816,736,3779,8,
E02000678,Lewisham 026,-3.490,2.961,128,694,2,
E02000679,Lewisham 027,-3.777,2.238,469,2251,5,
E02000680,Lewisham 028,-3.765,2.264,448,2149,5,
E02000681,Lewisham 029,-3.581,2.710,226,1124,3,
E02000682,Lewisham 030,-3.731,2.341,402,1940,5,
E02000683,Lewisham 031,-3.532,2.841,173,886,2,
E02000685,Lewisham 033,-3.667,2.491,331,1555,4,
E02000686,Lewisham 034,-3.404,3.217,64,365,1,
E02000687,Lewisham 035,-3.658,2.513,320,1510,4,
E02006783,Lewisham 037,-3.469,3.020,113,619,2,
E02006784,Lewisham 038,-3.487,2.969,125,680,2,
E02006798,Lewisham 039,-3.369,3.327,46,274,1,
E02000689,Merton 001,-4.102,1.628,848,4702,9,
E02000690,Merton 002,-4.324,1.308,963,6283,10,
E02000691,Merton 003,-3.939,1.910,670,3404,7,
E02000692,Merton 004,-3.966,1.860,710,3617,8,
E02000693,Merton 005,-3.911,1.963,637,3169,7,
E02000694,Merton 006,-3.718,2.371,392,1873,4,
E02000695,Merton 007,-3.902,1.981,631,3110,7,
E02000696,Merton 008,-3.726,2.352,398,1921,5,
E02000697,Merton 009,-3.906,1.972,635,3140,7,
E02000698,Merton 010,-4.242,1.418,938,5790,10,
E02000699,Merton 011,-4.092,1.644,842,4622,9,
E02000700,Merton 012,-3.672,2.480,335,1576,4,
E02000701,Merton 013,-3.811,2.166,515,2471,6,
E02000702,Merton 014,-3.716,2.374,390,1864,4,
E02000703,Merton 015,-4.171,1.520,893,5255,10,
E02000704,Merton 016,-3.851,2.082,560,2765,6,
E02000705,Merton 017,-3.885,2.013,607,2992,7,
E02000706,Merton 018,-3.507,2.913,148,761,2,
E02000707,Merton 019,-3.870,2.043,590,2903,6,
E02000708,Merton 020,-4.108,1.617,854,4762,9,
E02000709,Merton 021,-4.116,1.605,859,4828,9,
E02000710,Merton 022,-3.846,2.091,555,2729,6,
E02000711,Merton 023,-3.650,2.533,306,1473,4,
E02000712,Merton 024,-3.681,2.459,350,1632,4,
E02000713,Merton 025,-4.114,1.607,858,4811,9,
E02000714,Newham 001,-3.459,3.051,102,570,2,
E02000715,Newham 002,-3.404,3.216,65,366,1,
E02000716,Newham 003,-3.491,2.957,130,700,2,
E02000717,Newham 004,-3.359,3.360,40,253,1,
E02000718,Newham 005,-3.360,3.358,41,255,1,
E02000719,Newham 006,-3.443,3.099,88,498,1,
E02000720,Newham 007,-3.775,2.241,467,2241,5,
E02000721,Newham 008,-3.579,2.715,223,1113,3,
E02000722,Newham 009,-3.709,2.392,384,1806,4,
E02000723,Newham 010,-3.653,2.526,310,1484,4,
E02000724,Newham 011,-3.764,2.267,445,2138,5,
E02000725,Newham 012,-3.328,3.462,28,206,1,
E02000726,Newham 013,-3.433,3.129,80,458,1,
E02000727,Newham 014,-3.563,2.758,207,1031,3,
E02000728,Newham 015,-3.647,2.541,302,1458,4,
E02000729,Newham 016,-3.560,2.765,203,1022,3,
E02000730,Newham 017,-3.585,2.698,231,1150,3,
E02000731,Newham 018,-3.477,2.998,117,644,2,
E02000732,Newham 019,-3.381,3.290,52,298,1,
E02000733,Newham 020,-3.522,2.871,160,833,2,
E02000734,Newham 021,-3.394,3.248,58,330,1,
E02000735,Newham 022,-3.367,3.334,43,267,1,
E02000736,Newham 023,-3.446,3.089,95,520,1,
E02000737,Newham 024,-3.492,2.953,131,706,2,
E02000738,Newham 025,-3.642,2.553,294,1427,3,
E02000739,Newham 026,-3.406,3.210,66,371,1,
E02000740,Newham 027,-3.443,3.097,90,502,1,
E02000741,Newham 028,-3.526,2.857,169,859,2,
E02000742,Newham 029,-3.505,2.918,143,752,2,
E02000743,Newham 030,-3.238,3.777,7,73,1,
E02000744,Newham 031,-3.343,3.412,32,222,1,
E02000745,Newham 032,-3.463,3.038,106,584,2,
E02000746,Newham 033,-3.163,4.057,1,24,1,
E02000747,Newham 034,-3.298,3.565,23,156,1,
E02000748,Newham 035,-3.563,2.757,208,1034,3,
E02000749,Newham 036,-3.296,3.571,22,153,1,
E02000750,Newham 037,-3.552,2.787,197,990,2,
E02000751,Redbridge 001,-4.144,1.561,879,5059,9,
E02000752,Redbridge 002,-3.502,2.926,138,737,2,
E02000753,Redbridge 003,-3.765,2.263,449,2152,5,
E02000754,Redbridge 004,-3.852,2.080,564,2771,6,
E02000755,Redbridge 005,-3.933,1.921,662,3354,7,
E02000756,Redbridge 006,-3.841,2.101,547,2699,6,
E02000757,Redbridge 007,-3.838,2.109,545,2673,6,
E02000758,Redbridge 008,-3.862,2.059,580,2844,6,
E02000759,Redbridge 009,-3.953,1.883,687,3510,7,
E02000760,Redbridge 010,-3.809,2.169,510,2455,6,
E02000762,Redbridge 012,-3.864,2.055,582,2861,6,
E02000763,Redbridge 013,-3.789,2.211,482,2330,5,
E02000764,Redbridge 014,-3.746,2.307,425,2027,5,
E02000765,Redbridge 015,-3.811,2.165,517,2479,6,
E02000767,Redbridge 017,-3.852,2.080,565,2773,6,
E02000768,Redbridge 018,-4.085,1.654,835,4561,9,
E02000769,Redbridge 019,-3.806,2.175,505,2425,6,
E02000770,Redbridge 020,-3.896,1.992,621,3071,7,
E02000772,Redbridge 022,-3.811,2.164,518,2482,6,
E02000773,Redbridge 023,-3.924,1.939,651,3272,7,
E02000774,Redbridge 024,-3.786,2.217,479,2309,5,
E02000776,Redbridge 026,-3.852,2.080,566,2774,6,
E02000777,Redbridge 027,-3.887,2.009,609,3007,7,
E02000779,Redbridge 029,-3.791,2.207,484,2340,5,
E02000780,Redbridge 030,-3.688,2.441,361,1684,4,
E02000781,Redbridge 031,-3.842,2.100,550,2707,6,
E02000782,Redbridge 032,-3.658,2.514,319,1508,4,
E02000783,Redbridge 033,-3.523,2.867,162,838,2,
E02006800,Redbridge 034,-3.778,2.236,472,2255,5,
E02006924,Redbridge 035,-3.934,1.920,664,3361,7,
E02006925,Redbridge 036,-3.979,1.837,726,3703,8,
E02000784,Richmond upon Thames 001,-4.179,1.509,900,5318,10,
E02000785,Richmond upon Thames 002,-4.329,1.301,967,6308,10,
E02000786,Richmond upon Thames 003,-4.012,1.778,765,3964,8,
E02000787,Richmond upon Thames 004,-3.882,2.018,603,2973,7,
E02000788,Richmond upon Thames 005,-4.088,1.649,838,4592,9,
E02000789,Richmond upon Thames 006,-4.000,1.799,750,3876,8,
E02000790,Richmond upon Thames 007,-4.206,1.468,916,5543,10,
E02000791,Richmond upon Thames 008,-4.184,1.500,907,5368,10,
E02000792,Richmond upon Thames 009,-4.198,1.480,912,5472,10,
E02000793,Richmond upon Thames 010,-3.999,1.800,747,3865,8,
E02000794,Richmond upon Thames 011,-4.043,1.724,802,4226,9,
E02000795,Richmond upon Thames 012,-4.302,1.337,955,6168,10,
E02000796,Richmond upon Thames 013,-4.071,1.678,821,4451,9,
E02000797,Richmond upon Thames 014,-3.975,1.844,722,3676,8,
E02000798,Richmond upon Thames 015,-3.945,1.898,680,3461,7,
E02000799,Richmond upon Thames 016,-4.244,1.415,939,5805,10,
E02000800,Richmond upon Thames 017,-3.926,1.934,654,3292,7,
E02000801,Richmond upon Thames 018,-4.176,1.513,897,5290,10,
E02000802,Richmond upon Thames 019,-4.099,1.632,847,4678,9,
E02000803,Richmond upon Thames 020,-4.041,1.728,795,4204,9,
E02000804,Richmond upon Thames 021,-4.032,1.743,785,4124,8,
E02000805,Richmond upon Thames 022,-3.981,1.832,730,3719,8,
E02000806,Richmond upon Thames 023,-4.074,1.673,822,4467,9,
E02000807,Southwark 001,-3.744,2.311,421,2016,5,
E02000808,Southwark 002,-3.459,3.051,101,568,2,
E02000809,Southwark 003,-3.912,1.961,638,3182,7,
E02000810,Southwark 004,-3.369,3.329,45,273,1,
E02000812,Southwark 006,-3.466,3.028,108,600,2,
E02000813,Southwark 007,-3.437,3.114,82,482,1,
E02000814,Southwark 008,-3.497,2.938,136,727,2,
E02000815,Southwark 009,-3.572,2.734,214,1073,3,
E02000816,Southwark 010,-3.652,2.528,308,1480,4,
E02000817,Southwark 011,-3.301,3.555,24,166,1,
E02000818,Southwark 012,-3.383,3.284,55,306,1,
E02000819,Southwark 013,-3.509,2.906,151,768,2,
E02000820,Southwark 014,-3.380,3.293,50,295,1,
E02000821,Southwark 015,-3.655,2.520,313,1496,4,
E02000822,Southwark 016,-3.446,3.088,96,521,1,
E02000823,Southwark 017,-3.557,2.774,201,1009,3,
E02000824,Southwark 018,-3.503,2.922,139,743,2,
E02000825,Southwark 019,-3.584,2.701,227,1142,3,
E02000826,Southwark 020,-3.494,2.947,133,715,2,
E02000827,Southwark 021,-3.627,2.592,278,1352,3,
E02000828,Southwark 022,-3.580,2.711,225,1120,3,
E02000829,Southwark 023,-3.439,3.110,84,488,1,
E02000830,Southwark 024,-3.796,2.196,491,2370,5,
E02000831,Southwark 025,-3.617,2.615,271,1301,3,
E02000832,Southwark 026,-3.433,3.128,81,459,1,
E02000833,Southwark 027,-3.744,2.311,420,2015,5,
E02000834,Southwark 028,-3.660,2.510,322,1516,4,
E02000835,Southwark 029,-3.752,2.293,427,2058,5,
E02000836,Southwark 030,-3.894,1.996,618,3052,7,
E02000837,Southwark 031,-4.208,1.466,918,5552,10,
E02000838,Southwark 032,-3.812,2.162,521,2489,6,
E02000839,Southwark 033,-4.053,1.708,813,4304,9,
E02006802,Southwark 034,-3.546,2.804,184,946,2,
E02000840,Sutton 001,-3.444,3.095,91,504,1,
E02000841,Sutton 002,-3.593,2.677,244,1189,3,
E02000842,Sutton 003,-4.027,1.752,779,4077,8,
E02000843,Sutton 004,-3.880,2.023,599,2959,7,
E02000844,Sutton 005,-3.792,2.206,485,2342,5,
E02000845,Sutton 006,-3.917,1.951,645,3223,7,
E02000846,Sutton 007,-4.036,1.736,790,4157,9,
E02000847,Sutton 008,-4.089,1.648,840,4600,9,
E02000848,Sutton 009,-4.183,1.502,906,5360,10,
E02000849,Sutton 010,-3.968,1.857,712,3627,8,
E02000850,Sutton 011,-3.934,1.919,665,3364,7,
E02000851,Sutton 012,-3.508,2.907,150,767,2,
E02000852,Sutton 013,-4.090,1.647,841,4608,9,
E02000853,Sutton 014,-3.846,2.091,554,2728,6,
E02000854,Sutton 015,-4.077,1.668,825,4498,9,
E02000855,Sutton 016,-4.161,1.536,887,5177,10,
E02000856,Sutton 017,-4.060,1.695,816,4361,9,
E02000857,Sutton 018,-3.805,2.177,503,2420,6,
E02000858,Sutton 019,-3.772,2.249,461,2213,5,
E02000859,Sutton 020,-3.933,1.921,661,3350,7,
E02000860,Sutton 021,-3.653,2.526,309,1482,4,
E02000861,Sutton 022,-4.490,1.110,983,6747,10,
E02000863,Sutton 024,-4.278,1.368,948,6016,10,
E02006836,Sutton 025,-4.454,1.150,981,6706,10,
E02000864,Tower Hamlets 001,-3.282,3.620,17,131,1,
E02000865,Tower Hamlets 002,-3.402,3.223,63,358,1,
E02000866,Tower Hamlets 003,-3.578,2.718,222,1111,3,
E02000867,Tower Hamlets 004,-3.430,3.136,78,450,1,
E02000868,Tower Hamlets 005,-3.362,3.350,42,262,1,
E02000869,Tower Hamlets 006,-3.381,3.289,53,300,1,
E02000870,Tower Hamlets 007,-3.372,3.320,47,281,1,
E02000871,Tower Hamlets 008,-3.413,3.189,69,397,1,
E02000872,Tower Hamlets 009,-3.337,3.432,30,215,1,
E02000873,Tower Hamlets 010,-3.231,3.802,6,68,1,
E02000874,Tower Hamlets 011,-3.356,3.371,37,242,1,
E02000875,Tower Hamlets 012,-3.352,3.383,36,236,1,
E02000876,Tower Hamlets 013,-3.244,3.754,9,81,1,
E02000877,Tower Hamlets 014,-3.341,3.421,31,219,1,
E02000878,Tower Hamlets 015,-3.438,3.114,83,483,1,
E02000879,Tower Hamlets 016,-3.397,3.238,59,343,1,
E02000880,Tower Hamlets 017,-3.273,3.651,15,123,1,
E02000881,Tower Hamlets 018,-3.311,3.519,26,187,1,
E02000882,Tower Hamlets 019,-3.226,3.821,3,63,1,
E02000883,Tower Hamlets 020,-3.302,3.552,25,169,1,
E02000884,Tower Hamlets 021,-3.356,3.370,38,243,1,
E02000885,Tower Hamlets 022,-3.270,3.660,14,118,1,
E02000886,Tower Hamlets 023,-3.481,2.985,120,663,2,
E02000887,Tower Hamlets 024,-3.398,3.234,60,350,1,
E02000888,Tower Hamlets 025,-3.587,2.693,235,1162,3,
E02000889,Tower Hamlets 026,-3.598,2.664,252,1217,3,
E02000890,Tower Hamlets 027,-3.842,2.100,549,2704,6,
E02000891,Tower Hamlets 028,-3.595,2.673,249,1204,3,
E02000893,Tower Hamlets 030,-3.484,2.978,122,670,2,
E02000894,Tower Hamlets 031,-3.678,2.466,342,1617,4,
E02006853,Tower Hamlets 032,-3.287,3.604,19,139,1,
E02006854,Tower Hamlets 033,-3.887,2.010,608,3004,7,
E02000895,Waltham Forest 001,-3.743,2.313,416,2009,5,
E02000896,Waltham Forest 002,-3.907,1.971,636,3143,7,
E02000897,Waltham Forest 003,-3.704,2.403,379,1775,4,
E02000898,Waltham Forest 004,-3.841,2.101,548,2700,6,
E02000899,Waltham Forest 005,-3.807,2.173,507,2435,6,
E02000900,Waltham Forest 006,-3.696,2.423,369,1722,4,
E02000901,Waltham Forest 007,-3.931,1.925,658,3333,7,
E02000902,Waltham Forest 008,-3.854,2.075,568,2790,6,
E02000903,Waltham Forest 009,-3.567,2.747,210,1047,3,
E02000904,Waltham Forest 010,-3.935,1.916,666,3377,7,
E02000905,Waltham Forest 011,-3.638,2.563,289,1410,3,
E02000906,Waltham Forest 012,-3.563,2.758,206,1030,3,
E02000907,Waltham Forest 013,-3.472,3.012,115,631,2,
E02000908,Waltham Forest 014,-3.493,2.950,132,709,2,
E02000909,Waltham Forest 015,-3.716,2.376,389,1857,4,
E02000910,Waltham Forest 016,-3.550,2.793,194,981,2,
E02000911,Waltham Forest 017,-3.592,2.680,243,1188,3,
E02000912,Waltham Forest 018,-3.651,2.530,307,1477,4,
E02000913,Waltham Forest 019,-3.869,2.046,588,2892,6,
E02000914,Waltham Forest 020,-3.485,2.975,124,675,2,
E02000915,Waltham Forest 021,-3.755,2.287,433,2087,5,
E02000916,Waltham Forest 022,-3.718,2.370,393,1877,4,
E02000917,Waltham Forest 023,-3.626,2.593,276,1349,3,
E02000918,Waltham Forest 024,-3.684,2.451,355,1657,4,
E02000919,Waltham Forest 025,-3.766,2.262,450,2157,5,
E02000920,Waltham Forest 026,-3.623,2.601,275,1330,3,
E02000921,Waltham Forest 027,-3.539,2.823,177,914,2,
E02000922,Waltham Forest 028,-3.603,2.653,257,1233,3,
E02000923,Wandsworth 001,-4.080,1.662,827,4522,9,
E02000924,Wandsworth 002,-3.667,2.492,330,1554,4,
E02000925,Wandsworth 003,-3.621,2.606,274,1322,3,
E02000926,Wandsworth 004,-4.002,1.795,757,3903,8,
E02000927,Wandsworth 005,-3.637,2.564,287,1403,3,
E02000928,Wandsworth 006,-4.050,1.713,809,4279,9,
E02000929,Wandsworth 007,-3.526,2.858,168,858,2,
E02000930,Wandsworth 008,-3.822,2.141,534,2573,6,
E02000931,Wandsworth 009,-3.974,1.846,720,3667,8,
E02000932,Wandsworth 010,-4.065,1.687,817,4403,9,
E02000933,Wandsworth 011,-4.009,1.783,763,3945,8,
E02000934,Wandsworth 012,-3.843,2.097,551,2711,6,
E02000935,Wandsworth 013,-3.456,3.059,100,560,2,
E02000936,Wandsworth 014,-3.845,2.094,553,2719,6,
E02000937,Wandsworth 015,-3.813,2.161,523,2492,6,
E02000938,Wandsworth 016,-3.777,2.238,470,2252,5,
E02000939,Wandsworth 017,-4.153,1.548,882,5114,9,
E02000940,Wandsworth 018,-3.584,2.701,228,1143,3,
E02000941,Wandsworth 019,-3.939,1.909,671,3407,7,
E02000942,Wandsworth 020,-4.126,1.589,865,4908,9,
E02000943,Wandsworth 021,-3.913,1.958,642,3195,7,
E02000944,Wandsworth 022,-3.631,2.580,286,1375,3,
E02000945,Wandsworth 023,-3.546,2.802,187,953,2,
E02000946,Wandsworth 024,-3.770,2.253,460,2203,5,
E02000947,Wandsworth 025,-3.859,2.064,575,2827,6,
E02000948,Wandsworth 026,-3.710,2.390,385,1814,4,
E02000949,Wandsworth 027,-4.042,1.726,796,4211,9,
E02000950,Wandsworth 028,-3.938,1.912,669,3399,7,
E02000951,Wandsworth 029,-3.761,2.273,442,2120,5,
E02000952,Wandsworth 030,-3.775,2.242,466,2235,5,
E02000953,Wandsworth 031,-3.857,2.069,571,2814,6,
E02000954,Wandsworth 032,-4.048,1.717,805,4263,9,
E02000955,Wandsworth 033,-3.601,2.657,255,1228,3,
E02000956,Wandsworth 034,-3.547,2.800,190,961,2,
E02000957,Wandsworth 035,-3.678,2.464,345,1623,4,
E02000958,Wandsworth 036,-3.702,2.409,375,1760,4,
E02000959,Wandsworth 037,-3.589,2.690,236,1171,3,
E02000960,Westminster 001,-3.881,2.021,602,2968,7,
E02000961,Westminster 002,-3.950,1.889,683,3491,7,
E02000962,Westminster 003,-3.690,2.436,363,1694,4,
E02000963,Westminster 004,-3.504,2.921,141,745,2,
E02000964,Westminster 005,-3.431,3.133,79,452,1,
E02000965,Westminster 006,-3.766,2.261,452,2163,5,
E02000966,Westminster 007,-3.930,1.927,657,3323,7,
E02000967,Westminster 008,-4.086,1.652,836,4574,9,
E02000968,Westminster 009,-3.419,3.171,74,421,1,
E02000969,Westminster 010,-3.573,2.731,215,1078,3,
E02000970,Westminster 011,-4.321,1.311,962,6276,10,
E02000971,Westminster 012,-4.130,1.583,868,4938,9,
E02000972,Westminster 013,-3.721,2.363,395,1894,5,
E02000973,Westminster 014,-3.944,1.901,674,3442,7,
E02000974,Westminster 015,-4.107,1.620,852,4735,9,
E02000975,Westminster 016,-3.992,1.812,739,3805,8,
E02000976,Westminster 017,-3.728,2.348,399,1927,5,
E02000977,Westminster 018,-4.052,1.708,812,4302,9,
E02000978,Westminster 019,-4.471,1.131,982,6726,10,
E02000979,Westminster 020,-4.048,1.715,806,4269,9,
E02000980,Westminster 021,-3.810,2.166,514,2467,6,
E02000981,Westminster 022,-4.030,1.747,784,4104,8,
E02000982,Westminster 023,-3.812,2.163,520,2486,6,
E02000983,Westminster 024,-3.759,2.278,440,2105,5,
